{"cameraMode":{"drawMode":0,"name":"Shaded","section":"Shading Mode"},"sceneLighting":true,"audioPlay":false,"sceneViewState":{"m_AlwaysRefresh":false,"showFog":true,"showSkybox":true,"showFlares":true,"showImageEffects":true,"showParticleSystems":true,"showVisualEffectGraphs":true,"m_FxEnabled":true},"in2DMode":false,"pivot":{"x":1.181999921798706,"y":1.0857735872268677,"z":1.5508778095245362},"rotation":{"x":-0.15085293352603913,"y":0.7899232506752014,"z":-0.21505799889564515,"w":-0.5540922284126282},"size":0.22640195488929749,"orthographic":false}