{"cameraMode":{"drawMode":0,"name":"Shaded","section":"Shading Mode"},"sceneLighting":false,"audioPlay":false,"sceneViewState":{"m_AlwaysRefresh":false,"showFog":true,"showSkybox":true,"showFlares":true,"showImageEffects":true,"showParticleSystems":true,"showVisualEffectGraphs":true,"m_FxEnabled":true},"in2DMode":false,"pivot":{"x":0.38431304693222048,"y":0.6197879314422607,"z":1.2871044874191285},"rotation":{"x":0.028459204360842706,"y":-0.05095762759447098,"z":0.001452761352993548,"w":0.9982993006706238},"size":1.5550860166549683,"orthographic":false}