{"cameraMode":{"drawMode":0,"name":"Shaded","section":"Shading Mode"},"sceneLighting":false,"audioPlay":false,"sceneViewState":{"m_AlwaysRefresh":false,"showFog":true,"showSkybox":true,"showFlares":true,"showImageEffects":true,"showParticleSystems":true,"showVisualEffectGraphs":true,"m_FxEnabled":true},"in2DMode":false,"pivot":{"x":-0.04798256233334541,"y":1.8472046852111817,"z":0.0035413503646850588},"rotation":{"x":-0.6360667943954468,"y":0.0034723207354545595,"z":0.002862318651750684,"w":0.7716217041015625},"size":3.1924571990966799,"orthographic":true}