{"cameraMode":{"drawMode":0,"name":"Shaded","section":"Shading Mode"},"sceneLighting":false,"audioPlay":false,"sceneViewState":{"m_AlwaysRefresh":false,"showFog":true,"showSkybox":true,"showFlares":true,"showImageEffects":true,"showParticleSystems":true,"showVisualEffectGraphs":true,"m_FxEnabled":true},"in2DMode":false,"pivot":{"x":0.6024937033653259,"y":1.1086680889129639,"z":0.9138450622558594},"rotation":{"x":-0.008886347524821759,"y":0.15832500159740449,"z":0.0014251937391236425,"w":0.9873502850532532},"size":0.431217223405838,"orthographic":false}