{"cameraMode":{"drawMode":0,"name":"Shaded","section":"Shading Mode"},"sceneLighting":false,"audioPlay":false,"sceneViewState":{"m_AlwaysRefresh":false,"showFog":true,"showSkybox":true,"showFlares":true,"showImageEffects":true,"showParticleSystems":true,"showVisualEffectGraphs":true,"m_FxEnabled":true},"in2DMode":false,"pivot":{"x":-1.9699890613555909,"y":1.6438000202178956,"z":-1.1600011587142945},"rotation":{"x":-0.01644093170762062,"y":-0.7115817070007324,"z":-0.016646355390548707,"w":0.7022475600242615},"size":0.4983919560909271,"orthographic":true}