{"cameraMode":{"drawMode":0,"name":"Shaded","section":"Shading Mode"},"sceneLighting":false,"audioPlay":false,"sceneViewState":{"m_AlwaysRefresh":false,"showFog":true,"showSkybox":true,"showFlares":true,"showImageEffects":true,"showParticleSystems":true,"showVisualEffectGraphs":true,"m_FxEnabled":true},"in2DMode":false,"pivot":{"x":0.06716934591531754,"y":1.5693519115447999,"z":0.42742928862571719},"rotation":{"x":0.13095158338546754,"y":-0.03270864114165306,"z":0.004322712775319815,"w":0.990854024887085},"size":1.7916556596755982,"orthographic":true}